Year	Month	Day	Time	Lat	Lon	Depth	Mag	Region	Timestamp
2025	4	6	14:41:44	19.0253	-80.5545	10	4.1	66 km ESE of East End. Cayman Islands	1743950504
2024	12	23	06:00:59	19.9162	-76.5153	22.2	5.9	37 km S of Guisa. Cuba	1734933659
2024	11	25	06:52:49	19.8554	-77.0641	10	4.3	36 km SSW of Bartolomé Masó. Cuba	1732517569
2024	11	10	21:27:53	19.7468	-77.2091	10	3.9	49 km SSE of Media Luna. Cuba	1731274073
2024	11	10	18:45:37	19.7614	-77.1136	15.8	4.6	48 km SSW of Bartolomé Masó. Cuba	1731264337
2024	11	10	18:36:43	19.7487	-77.1074	16.6	4.3	49 km SSW of Bartolomé Masó. Cuba	1731263803
2024	11	10	16:49:50	19.8191	-77.0757	14	6.8	40 km SSW of Bartolomé Masó. Cuba	1731257390
2024	11	10	15:50:03	19.8473	-76.9664	19	5.8	35 km S of Bartolomé Masó. Cuba	1731253803
2024	10	17	14:50:32	19.7131	-75.9796	17.6	4.6	37 km S of El Cobre. Cuba	1729176632
2024	9	7	23:09:55	19.5571	-75.5887	10	4.5	57 km SSE of Santiago de Cuba. Cuba	1725750595
2024	6	10	14:55:00	19.9767	-75.7385	10	4.3	10 km ESE of Santiago de Cuba. Cuba	1718031300
2023	6	5	07:20:38	21.8604	-76.3359	10	4.2	Cuba region	1685949638
2023	2	24	01:20:40	19.6238	-75.0238	10	3.3	60 km SSE of Guantánamo. Cuba	1677201640
2023	2	1	07:26:06	19.3364	-79.0088	10.6	4.4	Cayman Islands region	1675236366
2022	12	17	06:40:52	21792	-76.485	10	4.8	67 km N of Puerto Padre. Cuba	1671259252
2022	11	8	11:33:39	21.7125	-76.489	10	5	58 km NNE of Puerto Padre. Cuba	1667907219
2022	9	24	20:01:42	19.668	-77.8671	15.6	4.3	51 km SW of Niquero. Cuba	1664049702
2022	6	28	14:11:57	19.8218	-75.4727	10	3.8	43 km ESE of Santiago de Cuba. Cuba	1656425517
2021	12	26	07:40:54	19.8693	-75.5456	21.7	4	Cuba region	1640504454
2021	7	19	01:33:26	19.7691	-75.5106	10	4.2	43 km SE of Santiago de Cuba. Cuba	1626658406
2021	7	12	01:13:48	19.9891	-75.5466	10	3.7	29 km E of Santiago de Cuba. Cuba	1626052428
2021	6	29	15:00:12	22.7942	-82.9632	10	4.7	5 km E of Soroa. Cuba	1624978812
2021	5	30	08:29:47	19.6178	-77.9842	10	4	63 km SW of Niquero. Cuba	1622363387
2021	1	17	01:19:37	19.9655	-75.44	10	3.5	31 km SW of Guantánamo. Cuba	1610846377
2021	1	5	02:39:36	19.1772	-79.6665	10	4.4	153 km E of East End. Cayman Islands	1609814376
2020	12	25	15:57:19	19.5293	-78.405	10	4.1	103 km WSW of Niquero. Cuba	1608911839
2020	9	8	13:00:05	19.0872	-80.1628	10	4.5	103 km ESE of East End. Cayman Islands	1599570005
2020	7	24	19:11:47	19.4993	-78.0694	10.2	5.1	79 km SW of Niquero. Cuba	1595617907
2020	5	18	07:18:07	19.7205	-76.3787	10	4.3	58 km SW of El Cobre. Cuba	1589786287
2020	5	17	23:00:22	19.7207	-76.433	10	4.3	60 km S of Guisa. Cuba	1589756422
2020	5	17	22:41:22	19.7171	-76.4103	10	4.4	60 km SW of El Cobre. Cuba	1589755282
2020	5	17	20:47:14	19.7133	-76.397	10	4.6	60 km SW of El Cobre. Cuba	1589748434
2020	4	29	10:22:47	20.1913	-74.158	10	4.6	6 km S of Maisí. Cuba	1588155767
2020	2	8	09:38:40	19.3243	-78.9408	10	4	126km NW of Lucea. Jamaica	1581154720
2020	2	2	05:55:07	19.1884	-80.0254	10	4.4	115km E of East End. Cayman Islands	1580622907
2020	1	30	08:23:47	19.0862	-80.8912	10	4	33km SE of East End. Cayman Islands	1580372627
2020	1	29	14:53:14	19.3791	-78.6607	10	4.9	114km NNW of Lucea. Jamaica	1580309594
2020	1	29	14:14:43	19.2214	-79.7733	10	4.1	141km E of East End. Cayman Islands	1580307283
2020	1	29	05:16:46	19.038	-80.7512	13.7	4.3	48km SE of East End. Cayman Islands	1580275006
2020	1	29	04:37:30	19.0197	-80.7227	10	4.2	51km SE of East End. Cayman Islands	1580272650
2020	1	29	02:50:21	19.02	-80.7182	10	4.2	52km SE of East End. Cayman Islands	1580266221
2020	1	29	02:13:16	19.0246	-80.7573	s 	4.5	48km SE of East End. Cayman Islands	1580263996
2020	1	28	23:09:08	19.0286	-80.8407	12.4	4.5	41km SE of East End. Cayman Islands	1580252948
2020	1	28	22:45:00	19.0301	-80.078	10	4.4	113km ESE of East End. Cayman Islands	1580251500
2020	1	28	20:59:59	19.0623	-80.9069	10	4.9	34km SE of East End. Cayman Islands	1580245199
2020	1	28	20:39:45	19.321	-79.123	10	4.7	138km NW of Lucea. Jamaica	1580243985
2020	1	28	20:29:03	19.0567	-80.1746	10	4.1	102km ESE of East End. Cayman Islands	1580243343
2020	1	28	19:10:24	19.4193	-78.756	14.9	7.7	123km NNW of Lucea. Jamaica	1580238624
2020	1	24	02:47:00	19.9325	-74.7154	10	4.3	51km SSW of Baracoa. Cuba	1579834020
2019	12	9	06:12:23	19.0781	-80.4369	10	5	75km ESE of East End. Cayman Islands	1575871943
2019	8	5	00:34:12	19.5604	-74.2173	10	4.3	91km SSE of Baracoa. Cuba	1564965252
2018	5	19	17:11:34	19.817	-75.2592	23.9	3.3	36km S of Guantanamo. Cuba	1526749894
2018	3	10	20:07:09	19.9582	-75.459	29.3	3.8	33km SW of Guantanamo. Cuba	1520712429
2017	11	10	01:34:11	19.4702	-78.0579	10	4.1	80km SW of Niquero. Cuba	1510277651
2017	11	9	03:19:11	19.5453	-78.071	10	4.5	75km SW of Niquero. Cuba	1510197551
2017	8	3	18:58:21	19.5616	-75.5071	10	3.9	60km SSE of Santiago de Cuba. Cuba	1501786701
2017	7	30	03:41:29	23.1484	-81.4458	10	4.4	17km NE of Matanzas. Cuba	1501386089
2017	6	20	19:01:16	19.33	-74.1718	13.1	4.4	75km N of Jeremie. Haiti	1497985276
2017	5	10	15:36:34	19.8237	-75.2183	21.8	3.2	35km S of Guantanamo. Cuba	1494430594
2017	4	25	14:42:58	19.6432	-75.4707	23	4.7	56km SE of Santiago de Cuba. Cuba	1493131378
2017	4	25	04:56:25	19.6154	-75.5212	10	4.2	55km SE of Santiago de Cuba. Cuba	1493096185
2017	1	17	09:08:02	19.8529	-76594	11	5.8	44km S of Guisa. Cuba	1484644082
2016	9	30	23:06:49	19.8858	-74.3833	10	5	52km SSE of Baracoa. Cuba	1475276809
2016	3	28	13:57:31	20.0436	-73.8773	10	4.4	58km WNW of Mole Saint-Nicolas. Haiti	1459173451
2016	1	26	10:59:23	19.654	-76.077	8	4.4	45km SSW of El Cobre. Cuba	1453805963
2016	1	25	22:37:10	19.7836	-76.0556	10	4.3	31km SSW of El Cobre. Cuba	1453761430
2016	1	25	18:05:54	19.7764	-76.0681	10	4.6	32km SSW of El Cobre. Cuba	1453745154
2016	1	24	13:08:14	19.7147	-75.3017	20.4	4.2	48km SSW of Guantanamo. Cuba	1453640894
2016	1	21	20:12:34	19.7713	-76.0684	7.4	4.3	33km SSW of El Cobre. Cuba	1453407154
2016	1	21	03:09:39	19.7221	-76.0112	16.2	4.3	36km S of El Cobre. Cuba	1453345779
2016	1	18	06:16:39	19.8368	-76.0153	15.2	4.5	24km SSW of El Cobre. Cuba	1453097799
2016	1	17	08:33:47	19.5711	-76.1144	10	4.5	55km SSW of El Cobre. Cuba	1453019627
2016	1	17	08:30:23	19.7204	-76.0967	10	5.2	39km SSW of El Cobre. Cuba	1453019423
2016	1	17	08:17:34	19.8125	-76.0885	10	4.9	30km SSW of El Cobre. Cuba	1453018654
2016	1	17	06:48:09	19.7843	-76.0218	10	4.6	30km SSW of El Cobre. Cuba	1453013289
2016	1	17	06:37:27	19.8003	-76.0474	10	4.9	29km SSW of El Cobre. Cuba	1453012647
2015	10	13	07:07:27	19.9756	-75.8527	23.8	4	6km SSW of Santiago de Cuba. Cuba	1444720047
2015	8	19	05:24:28	19.6265	-75.423	24.2	3.8	60km SE of Santiago de Cuba. Cuba	1439961868
2015	8	16	11:47:46	23.2406	-80.6418	14.1	4.3	29km NNW of Corralillo. Cuba	1439725666
2015	7	28	00:50:45	19.7236	-75.9807	19.6	4.1	36km S of El Cobre. Cuba	1438044645
2015	3	23	06:11:30	19.4972	-73.8081	10	4.3	54km WSW of Bombardopolis. Haiti	1427091090
2015	3	13	17:24:25	19.9264	-75.9568	23.6	4.4	13km S of El Cobre. Cuba	1426267465
2015	2	24	09:02:30	19.4302	-78.3847	10	4.2	108km SW of Niquero. Cuba	1424768550
2015	1	21	04:07:13	22.2165	-81.4216	16.1	4.1	45km SW of Jaguey Grande. Cuba	1421813233
2014	10	19	05:25:29	19.7833	-74.4832	10.4	4.4	62km S of Baracoa. Cuba	1413696329
2014	8	25	23:59:02	19.7439	-76.3686	16.3	4.1	55km SW of El Cobre. Cuba	1409011142
2014	3	30	21:50:27	23.1071	-80.7043	15.7	4.2	18km NW of Corralillo. Cuba	1396216227
2014	3	9	11:26:18	23.1573	-80.7795	10	4.7	27km NW of Corralillo. Cuba	1394364378
2014	2	5	03:19:29	23.0882	-80.8884	14.2	4.3	15km NNE of Marti. Cuba	1391570369
2014	1	10	11:23:30	23.078	-80.7589	10	4	20km WNW of Corralillo. Cuba	1389353010
2014	1	10	02:25:30	23.1972	-80.6891	13.6	4.1	26km NNW of Corralillo. Cuba	1389320730
2014	1	9	20:57:43	23.1818	-80.7278	10	5	26km NNW of Corralillo. Cuba	1389301063
2013	12	22	09:49:34	19.9327	-75.886	13.2	4.2	12km SSW of Santiago de Cuba. Cuba	1387705774
2013	12	21	10:53:21	19.8002	-77.1364	11.7	4.2	49km SE of Media Luna. Cuba	1387623201
2013	2	8	17:48:00	19.69	-76.084	8.2	4.7	Cuba region	1360345680
2012	3	10	08:34:50	19162	-76424	10	4.8	Cuba region	1331368490
2011	9	15	08:43:07	19566	-77.94	10	5.2	Cuba region	1316076187
2011	5	31	00:12:02	19844	-75453	29	4.5	Cuba region	1306800722
2011	3	9	11:05:08	19375	-75362	5	3.5	Cuba region	1299668708
2010	10	4	11:48:35	19801	-75417	32.1	5.1	Cuba region	1286192915
2010	7	5	19:06:16	19721	-75366	23.9	4.7	Cuba region	1278356776
2010	6	12	22:38:39	19188	-80184	10	4	Cayman Islands region	1276382319
2010	6	10	02:39:49	19804	-76606	26.7	4.8	Cuba region	1276137589
2010	4	13	02:37:51	19753	-76619	17.2	4.9	Cuba region	1271126271
2010	3	21	00:25:42	19591	-75385	10	3.1	Cuba region	1269131142
2010	3	20	19:31:28	19.76	-75364	10	5	Cuba region	1269113488
2010	3	20	18:38:22	19803	-75353	10	4.4	Cuba region	1269110302
2010	3	20	18:08:08	19674	-75331	14.6	5.6	Cuba region	1269108488
2010	3	16	00:09:35	19649	-75827	10	4.6	Cuba region	1268698175
2010	3	3	03:35:37	19905	-75533	31.2	4.3	Cuba region	1267587337
2010	2	12	12:09:14	19855	-74378	10	5.3	Cuba region	1265976554
2009	10	28	09:51:33	19.98	-77125	10	3.8	Cuba region	1256723493
2008	10	28	23:48:54	19477	-78738	10	4.9	Cuba region	1225237734
2008	7	12	16:51:32	19999	-81113	10	4	Cayman Islands region	1215881492
2008	3	11	06:53:21	19118	-80439	10	4.6	Cayman Islands region	1205218401
2008	2	11	14:09:04	19737	-75507	27.4	4.4	Cuba region	1202738944
2008	1	25	02:06:07	19.66	-76133	10	4.1	Cuba region	1201226767
2008	1	25	01:23:15	19742	-76162	10	4	Cuba region	1201224195
2008	1	24	23:46:45	19706	-76175	10	4.2	Cuba region	1201218405
2007	6	10	14:40:11	21418	-76312	21.1	4	Cuba region	1181486411
2007	2	4	20:56:59	19372	-78518	10	6.2	Cuba region	1170622619
2006	12	27	01:40:40	19.36	-79114	10	4.4	Cayman Islands region	1167183640
2006	7	9	07:28:56	19528	-76053	15	4.3	Cuba region	1152430136
2006	1	31	06:39:51	19703	-75444	15.9	4.3	Cuba region	1138689591
2005	10	22	12:13:15	21843	-80918	10	4.1	Cuba region	1129983195
2005	3	18	00:47:54	21082	-75227	10	4	Cuba region	1111106874
2005	3	17	00:34:04	21093	-75179	10	4.4	Cuba region	1111019644
2004	12	15	02:01:08	19085	-81369	10	3.7	Cayman Islands region	1103076068
2004	9	19	00:14:24	19591	-77961	15	4.7	Cuba region	1095552864
2004	1	3	05:23:36	19574	-77936	0.4	4.6	Cuba region	1073107416
2003	11	22	02:29:05	19.6	-78152	10	5.1	Cuba region	1069468145
2003	10	13	16:30:49	20284	-75649	10	4.6	Cuba region	1066062649
2003	10	10	14:48:14	23149	-84966	10	4.4	Cuba region	1065797294
2003	8	1	13:45:30	19355	-76425	10	4.7	Cuba region	1059745530
2002	4	9	07:31:51	19.92	-75.7	10	2.5	Cuba region	1018337511
2002	3	23	07:46:34	19.7	-77965	10	4.3	Cuba region	1016869594
2001	11	19	04:09:36	19823	-76167	33	4.3	Cuba region	1006142976
2001	11	19	01:46:18	20.61	-76096	33	4.2	Cuba region	1006134378
2001	9	1	11:24:49	19736	-75284	10	4.4	Cuba region	999343489
2001	3	19	15:14:09	19829	-75497	10	4.2	Cuba region	985014849
2000	7	20	01:04:03	19.68	-75424	33	4.3	Cuba region	964055043
2000	6	26	21:05:06	19819	-77993	33	4.5	Cuba region	962053506
2000	2	5	05:03:43	19264	-77954	15	3.1	Cuba region	949727023
1999	12	16	03:22:14	19706	-75715	10	4.8	Cuba region	945314534
1999	1	5	21:26:56	20814	-74797	10	4.7	Cuba region	915571616
1999	1	5	15:50:44	20806	-74774	10	4.9	Cuba region	915551444
1998	12	28	07:23:31	20.78	-74673	10	5.6	Cuba region	914829811
1998	5	17	19:54:12	19944	-76402	10	3.5	Cuba region	895434852
1996	10	9	19:26:14	19381	-78083	33	4.7	Cuba region	844889174
1996	8	8	22:25:11	22.11	-80184	10	3.8	Cuba region	839543111
1996	7	2	14:09:50	19541	-77798	10	4.4	Cuba region	836316590
1995	12	24	17:13:02	19.53	-77928	10	3.8	Cuba region	819825182
1995	9	8	07:08:22	19485	-78091	10	4.3	Cuba region	810544102
1993	6	5	14:23:48	19548	-77658	10	3.7	Cuba region	739290228
1993	3	24	10:52:24	19731	-77586	33	3.5	Cuba region	732970344
1992	11	7	03:17:44	19708	-76204	16.8	4.7	Cuba region	721106264
1992	11	6	22:20:27	19.7	-76.3	33	3.7	Cuba region	721088427
1992	8	10	05:35:38	19569	-77811	33	4.3	Cuba region	713424938
1992	7	24	18:58:51	19593	-76601	33	4.7	Cuba region	712004331
1992	5	29	10:53:30	19388	-77825	33	3.9	Cuba region	707136810
1992	5	27	20:59:14	20026	-75574	33	3.8	Cuba region	707000354
1992	5	26	04:35:55	19737	-77513	33	3.4	Cuba region	706854955
1992	5	26	01:28:38	19179	-77386	33	3.4	Cuba region	706843718
1992	5	25	23:57:14	19662	-77.55	33	3.8	Cuba region	706838234
1992	5	25	21:36:26	19475	-77886	33	4.4	Cuba region	706829786
1992	5	25	21:23:22	19508	-77.43	33	4.4	Cuba region	706829002
1992	5	25	21:16:09	19432	-77695	10	3.3	Cuba region	706828569
1992	5	25	21:01:00	19413	-77.7	10	3.2	Cuba region	706827660
1992	5	25	20:54:44	19424	-77686	10	3.4	Cuba region	706827284
1992	5	25	20:14:01	19.44	-77797	10	3.1	Cuba region	706824841
1992	5	25	19:27:57	19568	-77675	33	3.7	Cuba region	706822077
1992	5	25	19:15:36	19578	-77825	33	4.3	Cuba region	706821336
1992	5	25	18:48:32	19504	-77848	33	4.7	Cuba region	706819712
1992	5	25	18:29:01	19548	-77804	33	4.8	Cuba region	706818541
1992	5	25	17:36:42	19403	-77788	20	3.5	Cuba region	706815402
1992	5	25	16:55:04	19613	-77872	23.1	6.8	Cuba region	706812904
1992	3	20	13:35:08	20598	-74827	18.1	4.2	Cuba region	701098508
1991	5	15	07:58:59	20099	-76381	33	3.3	Cuba region	674294339
1991	5	15	07:07:59	20048	-76496	33	3.7	Cuba region	674291279
1990	9	4	08:03:04	19803	-75.69	33.3	5.2	Cuba region	652435384
1990	8	26	07:53:41	19592	-77874	10	5.5	Cuba region	651657221
1990	5	22	20:35:38	19741	-76023	13.5	5.4	Cuba region	643408538
1990	4	29	18:12:04	19885	-73783	10	4.7	Haiti region	641412724
1989	2	12	14:26:47	19694	-74361	59.6	5.2	Cuba region	603296807
1985	9	1	01:00:55	19.78	-75282	10	5.1	Cuba region	494384455
1982	12	16	20:20:26	22277	-81407	33	4.5	Cuba region	408918026
1981	5	24	19:25:36	19703	-75.39	33	4.6	Cuba region	359580336
1980	2	8	20:38:50	19671	-75509	33	4.9	Cuba region	318890330
1979	5	3	03:44:34	19271	-79021	33	4.9	Cayman Islands region	294551074
1978	11	13	07:43:18	19839	-76054	33	5.1	Cuba region	279790998
1976	10	17	17:45:08	19928	-75373	33	4.9	Cuba region	214422308
1976	10	17	00:09:43	19681	-75522	33	4.6	Cuba region	214358983
1976	2	24	11:28:38	19654	-77.25	33	4.8	Cuba region	194009318
1976	2	23	21:58:50	19821	-77198	33	4.9	Cuba region	193960730
1976	2	19	13:59:59	19885	-76878	20	5.9	Cuba region	193586399
1973	5	20	03:00:09	19804	-75399	33	4.6	Cuba region	106714809
